protein,pathway
O00748,hsa00983
O00763,hsa00061
O00763,hsa00620
O00763,hsa00640
O00763,hsa01100
O00763,hsa04152
O00763,hsa04910
O00763,hsa04920
O00763,hsa04922
O00763,hsa04931
O00763,hsa04936
O14975,hsa03320
O14975,hsa04146
O14975,hsa04931
O43451,hsa00052
O43451,hsa00500
O43451,hsa01100
O43451,hsa04973
O43497,hsa04010
O43497,hsa04020
O43497,hsa04713
O43497,hsa04925
O43497,hsa04927
O43497,hsa04929
O43497,hsa04930
O43497,hsa04934
O60488,hsa00061
O60488,hsa00071
O60488,hsa01100
O60488,hsa01212
O60488,hsa03320
O60488,hsa04146
O60488,hsa04216
O60488,hsa04714
O60488,hsa04920
O60656,hsa00040
O60656,hsa00053
O60656,hsa00140
O60656,hsa00830
O60656,hsa00860
O60656,hsa00980
O60656,hsa00982
O60656,hsa00983
O60656,hsa01100
O60656,hsa01240
O60656,hsa04976
O60656,hsa05204
O60656,hsa05207
O60706,hsa02010
O75795,hsa00040
O75795,hsa00053
O75795,hsa00140
O75795,hsa00830
O75795,hsa00860
O75795,hsa00980
O75795,hsa00982
O75795,hsa00983
O75795,hsa01100
O75795,hsa01240
O75795,hsa04976
O75795,hsa05204
O75795,hsa05207
O76074,hsa00230
O76074,hsa01100
O76074,hsa04022
O95180,hsa04010
O95180,hsa04020
O95180,hsa04713
O95180,hsa04925
O95180,hsa04927
O95180,hsa04929
O95180,hsa04934
O95298,hsa00190
O95298,hsa01100
O95298,hsa04714
O95298,hsa04723
O95298,hsa04932
O95298,hsa05010
O95298,hsa05012
O95298,hsa05014
O95298,hsa05016
O95298,hsa05020
O95298,hsa05022
O95298,hsa05208
O95298,hsa05415
O95342,hsa01522
O95342,hsa02010
O95342,hsa04976
O95342,hsa04979
O95477,hsa02010
O95477,hsa04148
O95477,hsa04975
O95477,hsa04979
O95477,hsa05417
O95750,hsa04010
O95750,hsa04014
O95750,hsa04015
O95750,hsa04020
O95750,hsa04151
O95750,hsa04810
O95750,hsa05200
O95750,hsa05218
O95750,hsa05224
O95750,hsa05226
P00533,hsa01521
P00533,hsa01522
P00533,hsa03272
P00533,hsa04010
P00533,hsa04012
P00533,hsa04014
P00533,hsa04015
P00533,hsa04020
P00533,hsa04066
P00533,hsa04068
P00533,hsa04072
P00533,hsa04144
P00533,hsa04151
P00533,hsa04510
P00533,hsa04518
P00533,hsa04519
P00533,hsa04520
P00533,hsa04540
P00533,hsa04630
P00533,hsa04810
P00533,hsa04912
P00533,hsa04915
P00533,hsa04921
P00533,hsa04926
P00533,hsa04928
P00533,hsa04934
P00533,hsa05120
P00533,hsa05131
P00533,hsa05160
P00533,hsa05163
P00533,hsa05165
P00533,hsa05171
P00533,hsa05200
P00533,hsa05205
P00533,hsa05206
P00533,hsa05207
P00533,hsa05208
P00533,hsa05210
P00533,hsa05212
P00533,hsa05213
P00533,hsa05214
P00533,hsa05215
P00533,hsa05218
P00533,hsa05219
P00533,hsa05223
P00533,hsa05224
P00533,hsa05225
P00533,hsa05226
P00533,hsa05230
P00533,hsa05231
P00533,hsa05235
P00734,hsa04072
P00734,hsa04080
P00734,hsa04610
P00734,hsa04611
P00734,hsa04810
P00734,hsa05130
P00734,hsa05171
P00734,hsa05200
P00742,hsa04610
P00797,hsa04614
P00797,hsa04924
P00797,hsa05415
P00813,hsa00230
P00813,hsa01100
P00813,hsa01232
P00813,hsa05340
P00915,hsa00910
P00915,hsa01100
P00918,hsa00910
P00918,hsa01100
P00918,hsa04964
P00918,hsa04966
P00918,hsa04971
P00918,hsa04972
P00918,hsa04976
P01008,hsa04610
P01106,hsa04010
P01106,hsa04012
P01106,hsa04110
P01106,hsa04151
P01106,hsa04218
P01106,hsa04310
P01106,hsa04350
P01106,hsa04390
P01106,hsa04550
P01106,hsa04630
P01106,hsa04919
P01106,hsa05132
P01106,hsa05160
P01106,hsa05161
P01106,hsa05163
P01106,hsa05166
P01106,hsa05167
P01106,hsa05169
P01106,hsa05200
P01106,hsa05202
P01106,hsa05205
P01106,hsa05206
P01106,hsa05207
P01106,hsa05210
P01106,hsa05213
P01106,hsa05216
P01106,hsa05219
P01106,hsa05220
P01106,hsa05221
P01106,hsa05222
P01106,hsa05224
P01106,hsa05225
P01106,hsa05226
P01106,hsa05230
P01137,hsa04010
P01137,hsa04060
P01137,hsa04068
P01137,hsa04110
P01137,hsa04148
P01137,hsa04218
P01137,hsa04350
P01137,hsa04380
P01137,hsa04390
P01137,hsa04518
P01137,hsa04659
P01137,hsa04672
P01137,hsa04926
P01137,hsa04932
P01137,hsa04933
P01137,hsa05140
P01137,hsa05142
P01137,hsa05144
P01137,hsa05145
P01137,hsa05146
P01137,hsa05152
P01137,hsa05161
P01137,hsa05166
P01137,hsa05200
P01137,hsa05205
P01137,hsa05210
P01137,hsa05211
P01137,hsa05212
P01137,hsa05220
P01137,hsa05225
P01137,hsa05226
P01137,hsa05321
P01137,hsa05323
P01137,hsa05410
P01137,hsa05414
P01137,hsa05415
P02585,hsa04020
P02585,hsa04814
P02585,hsa04820
P02776,hsa04060
P02776,hsa04061
P02776,hsa04062
P03372,hsa01522
P03372,hsa04081
P03372,hsa04915
P03372,hsa04917
P03372,hsa04919
P03372,hsa04961
P03372,hsa05200
P03372,hsa05205
P03372,hsa05207
P03372,hsa05224
P04035,hsa00900
P04035,hsa01100
P04035,hsa04152
P04035,hsa04976
P04150,hsa04080
P04637,hsa01522
P04637,hsa01524
P04637,hsa04010
P04637,hsa04071
P04637,hsa04110
P04637,hsa04115
P04637,hsa04137
P04637,hsa04151
P04637,hsa04210
P04637,hsa04211
P04637,hsa04216
P04637,hsa04218
P04637,hsa04310
P04637,hsa04722
P04637,hsa04919
P04637,hsa05012
P04637,hsa05014
P04637,hsa05016
P04637,hsa05131
P04637,hsa05160
P04637,hsa05161
P04637,hsa05162
P04637,hsa05163
P04637,hsa05165
P04637,hsa05166
P04637,hsa05167
P04637,hsa05168
P04637,hsa05169
P04637,hsa05200
P04637,hsa05202
P04637,hsa05203
P04637,hsa05205
P04637,hsa05206
P04637,hsa05210
P04637,hsa05212
P04637,hsa05213
P04637,hsa05214
P04637,hsa05215
P04637,hsa05216
P04637,hsa05217
P04637,hsa05218
P04637,hsa05219
P04637,hsa05220
P04637,hsa05222
P04637,hsa05223
P04637,hsa05224
P04637,hsa05225
P04637,hsa05226
P04637,hsa05230
P04637,hsa05417
P04637,hsa05418
P04746,hsa00500
P04746,hsa01100
P04746,hsa04970
P04746,hsa04972
P04746,hsa04973
P04798,hsa00140
P04798,hsa00380
P04798,hsa00830
P04798,hsa00980
P04798,hsa01100
P04798,hsa04913
P04798,hsa05204
P04798,hsa05207
P04798,hsa05208
P04798,hsa05417
P05091,hsa00010
P05091,hsa00053
P05091,hsa00071
P05091,hsa00280
P05091,hsa00310
P05091,hsa00330
P05091,hsa00340
P05091,hsa00380
P05091,hsa00410
P05091,hsa00561
P05091,hsa00620
P05091,hsa00770
P05091,hsa01100
P05091,hsa01240
P05091,hsa04936
P05106,hsa03266
P05106,hsa04015
P05106,hsa04081
P05106,hsa04145
P05106,hsa04148
P05106,hsa04151
P05106,hsa04380
P05106,hsa04510
P05106,hsa04512
P05106,hsa04517
P05106,hsa04518
P05106,hsa04611
P05106,hsa04613
P05106,hsa04640
P05106,hsa04810
P05106,hsa04820
P05106,hsa04919
P05106,hsa05163
P05106,hsa05165
P05106,hsa05168
P05106,hsa05205
P05106,hsa05206
P05106,hsa05410
P05106,hsa05412
P05106,hsa05414
P05106,hsa05418
P05164,hsa00983
P05164,hsa04145
P05164,hsa04613
P05164,hsa05202
P05164,hsa05221
P05177,hsa00140
P05177,hsa00232
P05177,hsa00380
P05177,hsa00591
P05177,hsa00830
P05177,hsa00980
P05177,hsa00982
P05177,hsa01100
P05177,hsa05204
P05177,hsa05207
P05177,hsa05208
P05181,hsa00140
P05181,hsa00590
P05181,hsa00591
P05181,hsa00980
P05181,hsa00982
P05181,hsa00983
P05181,hsa01100
P05181,hsa04932
P05181,hsa04936
P05181,hsa05204
P05181,hsa05208
P05230,hsa04010
P05230,hsa04014
P05230,hsa04015
P05230,hsa04020
P05230,hsa04151
P05230,hsa04390
P05230,hsa04810
P05230,hsa05200
P05230,hsa05218
P05230,hsa05224
P05230,hsa05226
P05412,hsa01522
P05412,hsa04010
P05412,hsa04012
P05412,hsa04024
P05412,hsa04137
P05412,hsa04210
P05412,hsa04310
P05412,hsa04380
P05412,hsa04510
P05412,hsa04530
P05412,hsa04620
P05412,hsa04621
P05412,hsa04625
P05412,hsa04657
P05412,hsa04658
P05412,hsa04659
P05412,hsa04660
P05412,hsa04662
P05412,hsa04668
P05412,hsa04722
P05412,hsa04912
P05412,hsa04915
P05412,hsa04921
P05412,hsa04926
P05412,hsa04932
P05412,hsa04933
P05412,hsa05030
P05412,hsa05031
P05412,hsa05120
P05412,hsa05130
P05412,hsa05131
P05412,hsa05132
P05412,hsa05133
P05412,hsa05135
P05412,hsa05140
P05412,hsa05142
P05412,hsa05161
P05412,hsa05162
P05412,hsa05166
P05412,hsa05167
P05412,hsa05169
P05412,hsa05170
P05412,hsa05171
P05412,hsa05200
P05412,hsa05203
P05412,hsa05207
P05412,hsa05208
P05412,hsa05210
P05412,hsa05211
P05412,hsa05224
P05412,hsa05231
P05412,hsa05235
P05412,hsa05321
P05412,hsa05323
P05412,hsa05417
P05412,hsa05418
P06133,hsa00040
P06133,hsa00053
P06133,hsa00140
P06133,hsa00830
P06133,hsa00860
P06133,hsa00980
P06133,hsa00982
P06133,hsa00983
P06133,hsa01100
P06133,hsa01240
P06133,hsa04976
P06133,hsa05204
P06133,hsa05207
P06401,hsa04114
P06401,hsa04914
P06401,hsa04915
P06401,hsa05207
P06401,hsa05224
P06858,hsa00561
P06858,hsa03320
P06858,hsa04979
P06858,hsa05010
P07550,hsa04020
P07550,hsa04022
P07550,hsa04024
P07550,hsa04080
P07550,hsa04081
P07550,hsa04082
P07550,hsa04261
P07550,hsa04923
P07550,hsa04924
P07550,hsa04970
P07550,hsa05207
P08235,hsa04960
P08253,hsa01522
P08253,hsa04670
P08253,hsa04912
P08253,hsa04915
P08253,hsa04926
P08253,hsa04933
P08253,hsa05200
P08253,hsa05205
P08253,hsa05219
P08253,hsa05415
P08253,hsa05418
P08473,hsa04614
P08473,hsa04640
P08473,hsa04974
P08473,hsa05010
P08514,hsa04015
P08514,hsa04151
P08514,hsa04510
P08514,hsa04512
P08514,hsa04518
P08514,hsa04611
P08514,hsa04613
P08514,hsa04640
P08514,hsa04810
P08514,hsa04820
P08514,hsa05165
P08514,hsa05200
P08514,hsa05222
P08514,hsa05410
P08514,hsa05412
P08514,hsa05414
P08514,hsa05418
P08588,hsa04020
P08588,hsa04022
P08588,hsa04024
P08588,hsa04080
P08588,hsa04081
P08588,hsa04082
P08588,hsa04261
P08588,hsa04540
P08588,hsa04923
P08588,hsa04924
P08588,hsa04970
P08588,hsa05207
P08588,hsa05414
P08620,hsa04010
P08620,hsa04014
P08620,hsa04015
P08620,hsa04020
P08620,hsa04151
P08620,hsa04810
P08620,hsa05200
P08620,hsa05207
P08620,hsa05218
P08620,hsa05224
P08620,hsa05226
P08684,hsa00140
P08684,hsa00591
P08684,hsa00830
P08684,hsa00980
P08684,hsa00982
P08684,hsa00983
P08684,hsa01100
P08684,hsa04976
P08684,hsa05204
P08684,hsa05207
P08908,hsa04024
P08908,hsa04080
P08908,hsa04082
P08908,hsa04726
P08908,hsa04742
P08913,hsa04022
P08913,hsa04080
P08913,hsa04081
P08913,hsa04082
P09038,hsa01521
P09038,hsa04010
P09038,hsa04014
P09038,hsa04015
P09038,hsa04020
P09038,hsa04151
P09038,hsa04550
P09038,hsa04810
P09038,hsa05167
P09038,hsa05200
P09038,hsa05205
P09038,hsa05207
P09038,hsa05218
P09038,hsa05224
P09038,hsa05226
P09960,hsa00590
P09960,hsa01100
P0DP23,hsa04014
P0DP23,hsa04015
P0DP23,hsa04020
P0DP23,hsa04022
P0DP23,hsa04024
P0DP23,hsa04070
P0DP23,hsa04114
P0DP23,hsa04218
P0DP23,hsa04261
P0DP23,hsa04270
P0DP23,hsa04371
P0DP23,hsa04625
P0DP23,hsa04713
P0DP23,hsa04720
P0DP23,hsa04722
P0DP23,hsa04728
P0DP23,hsa04740
P0DP23,hsa04744
P0DP23,hsa04750
P0DP23,hsa04910
P0DP23,hsa04912
P0DP23,hsa04915
P0DP23,hsa04916
P0DP23,hsa04921
P0DP23,hsa04922
P0DP23,hsa04924
P0DP23,hsa04925
P0DP23,hsa04970
P0DP23,hsa04971
P0DP23,hsa05010
P0DP23,hsa05012
P0DP23,hsa05022
P0DP23,hsa05031
P0DP23,hsa05034
P0DP23,hsa05133
P0DP23,hsa05152
P0DP23,hsa05163
P0DP23,hsa05167
P0DP23,hsa05170
P0DP23,hsa05200
P0DP23,hsa05214
P0DP23,hsa05417
P0DP23,hsa05418
P10253,hsa00052
P10253,hsa00500
P10253,hsa01100
P10253,hsa04142
P10275,hsa04114
P10275,hsa05200
P10275,hsa05207
P10275,hsa05215
P10632,hsa00590
P10632,hsa00591
P10632,hsa00830
P10632,hsa00982
P10632,hsa01100
P10632,hsa04726
P10632,hsa05204
P10632,hsa05417
P10635,hsa00980
P10635,hsa00982
P10635,hsa01522
P10635,hsa04726
P11021,hsa03060
P11021,hsa04141
P11021,hsa04156
P11021,hsa04612
P11021,hsa04918
P11021,hsa05012
P11021,hsa05014
P11021,hsa05020
P11021,hsa05022
P11021,hsa05417
P11245,hsa00232
P11245,hsa00983
P11245,hsa01100
P11245,hsa05204
P11362,hsa04010
P11362,hsa04014
P11362,hsa04015
P11362,hsa04020
P11362,hsa04151
P11362,hsa04517
P11362,hsa04519
P11362,hsa04520
P11362,hsa04550
P11362,hsa04714
P11362,hsa04810
P11362,hsa04928
P11362,hsa05200
P11362,hsa05205
P11362,hsa05215
P11362,hsa05218
P11362,hsa05224
P11362,hsa05230
P11509,hsa00232
P11509,hsa00830
P11509,hsa00980
P11509,hsa00982
P11509,hsa00983
P11509,hsa01100
P11509,hsa05204
P11509,hsa05417
P11597,hsa04979
P11712,hsa00590
P11712,hsa00591
P11712,hsa00830
P11712,hsa00980
P11712,hsa00982
P11712,hsa01100
P11712,hsa04726
P11712,hsa05204
P11712,hsa05417
P12004,hsa03030
P12004,hsa03410
P12004,hsa03420
P12004,hsa03430
P12004,hsa04110
P12004,hsa04530
P12004,hsa05161
P12821,hsa04614
P12821,hsa04924
P12821,hsa05142
P12821,hsa05171
P12821,hsa05410
P12821,hsa05415
P13569,hsa02010
P13569,hsa04024
P13569,hsa04145
P13569,hsa04152
P13569,hsa04530
P13569,hsa04971
P13569,hsa04972
P13569,hsa04976
P13569,hsa05110
P13945,hsa04020
P13945,hsa04022
P13945,hsa04080
P13945,hsa04081
P13945,hsa04714
P13945,hsa04923
P13945,hsa04924
P13945,hsa04970
P13945,hsa05207
P14210,hsa01521
P14210,hsa04010
P14210,hsa04014
P14210,hsa04015
P14210,hsa04020
P14210,hsa04151
P14210,hsa04510
P14210,hsa04518
P14210,hsa05144
P14210,hsa05200
P14210,hsa05205
P14210,hsa05208
P14210,hsa05211
P14210,hsa05218
P14210,hsa05223
P14210,hsa05225
P14210,hsa05226
P14410,hsa00052
P14410,hsa00500
P14410,hsa01100
P14410,hsa04973
P14416,hsa04015
P14416,hsa04024
P14416,hsa04080
P14416,hsa04081
P14416,hsa04082
P14416,hsa04540
P14416,hsa04728
P14416,hsa05012
P14416,hsa05030
P14416,hsa05034
P14780,hsa01522
P14780,hsa04145
P14780,hsa04657
P14780,hsa04668
P14780,hsa04670
P14780,hsa04915
P14780,hsa04926
P14780,hsa05161
P14780,hsa05200
P14780,hsa05202
P14780,hsa05205
P14780,hsa05206
P14780,hsa05215
P14780,hsa05219
P14780,hsa05415
P14780,hsa05417
P14780,hsa05418
P15121,hsa00040
P15121,hsa00051
P15121,hsa00052
P15121,hsa00561
P15121,hsa00790
P15121,hsa01100
P15144,hsa00480
P15144,hsa01100
P15144,hsa04145
P15144,hsa04614
P15144,hsa04640
P15538,hsa00140
P15538,hsa01100
P15538,hsa04927
P15538,hsa04934
P15692,hsa01521
P15692,hsa04010
P15692,hsa04014
P15692,hsa04015
P15692,hsa04020
P15692,hsa04066
P15692,hsa04151
P15692,hsa04370
P15692,hsa04510
P15692,hsa04518
P15692,hsa04926
P15692,hsa04933
P15692,hsa05163
P15692,hsa05165
P15692,hsa05167
P15692,hsa05200
P15692,hsa05205
P15692,hsa05206
P15692,hsa05207
P15692,hsa05208
P15692,hsa05211
P15692,hsa05212
P15692,hsa05219
P15692,hsa05323
P15692,hsa05418
P16066,hsa00230
P16066,hsa01100
P16066,hsa04022
P16066,hsa04024
P16066,hsa04081
P16066,hsa04270
P16066,hsa04714
P16066,hsa04921
P16066,hsa04923
P16066,hsa04924
P16066,hsa04925
P16109,hsa04514
P16109,hsa04613
P16109,hsa05144
P16109,hsa05150
P16109,hsa05171
P16109,hsa05417
P16152,hsa00590
P16152,hsa00790
P16152,hsa00980
P16152,hsa01100
P16152,hsa05204
P16152,hsa05208
P16581,hsa04514
P16581,hsa04668
P16581,hsa04933
P16581,hsa05143
P16581,hsa05144
P16581,hsa05417
P16581,hsa05418
P16662,hsa00040
P16662,hsa00053
P16662,hsa00140
P16662,hsa00830
P16662,hsa00860
P16662,hsa00980
P16662,hsa00982
P16662,hsa00983
P16662,hsa01100
P16662,hsa01240
P16662,hsa04976
P16662,hsa05204
P16662,hsa05207
P16860,hsa04022
P16860,hsa04081
P16860,hsa04270
P16860,hsa04714
P17302,hsa04519
P17302,hsa04540
P17302,hsa05412
P17405,hsa00600
P17405,hsa01100
P17405,hsa04071
P17405,hsa04142
P17405,hsa04217
P18089,hsa04022
P18089,hsa04080
P18089,hsa04081
P18089,hsa04082
P18825,hsa04022
P18825,hsa04080
P18825,hsa04081
P18825,hsa04082
P19099,hsa00140
P19099,hsa01100
P19099,hsa04925
P19224,hsa00040
P19224,hsa00053
P19224,hsa00140
P19224,hsa00830
P19224,hsa00860
P19224,hsa00980
P19224,hsa00982
P19224,hsa00983
P19224,hsa01100
P19224,hsa01240
P19224,hsa04976
P19224,hsa05204
P19224,hsa05207
P19235,hsa04060
P19235,hsa04081
P19235,hsa04148
P19235,hsa04151
P19235,hsa04630
P19235,hsa04640
P19235,hsa05200
P19320,hsa04064
P19320,hsa04514
P19320,hsa04518
P19320,hsa04668
P19320,hsa04670
P19320,hsa04933
P19320,hsa05143
P19320,hsa05144
P19320,hsa05417
P19320,hsa05418
P19793,hsa03320
P19793,hsa04148
P19793,hsa04151
P19793,hsa04659
P19793,hsa04919
P19793,hsa04920
P19793,hsa04928
P19793,hsa04932
P19793,hsa04976
P19793,hsa05160
P19793,hsa05200
P19793,hsa05202
P19793,hsa05207
P19793,hsa05216
P19793,hsa05222
P19793,hsa05223
P19793,hsa05226
P19793,hsa05417
P20701,hsa04015
P20701,hsa04514
P20701,hsa04517
P20701,hsa04518
P20701,hsa04613
P20701,hsa04650
P20701,hsa04670
P20701,hsa04810
P20701,hsa05144
P20701,hsa05150
P20701,hsa05166
P20701,hsa05169
P20701,hsa05323
P20701,hsa05416
P20813,hsa00590
P20813,hsa00830
P20813,hsa00980
P20813,hsa00982
P20813,hsa01100
P20813,hsa05207
P20813,hsa05417
P20815,hsa00140
P20815,hsa00830
P20815,hsa00980
P20815,hsa00982
P20815,hsa01100
P20815,hsa05204
P21397,hsa00260
P21397,hsa00330
P21397,hsa00340
P21397,hsa00350
P21397,hsa00360
P21397,hsa00380
P21397,hsa00982
P21397,hsa01100
P21397,hsa04726
P21397,hsa04728
P21397,hsa05012
P21397,hsa05030
P21397,hsa05031
P21397,hsa05034
P21695,hsa00564
P21695,hsa01100
P21728,hsa04020
P21728,hsa04024
P21728,hsa04080
P21728,hsa04081
P21728,hsa04082
P21728,hsa04540
P21728,hsa04728
P21728,hsa05012
P21728,hsa05030
P21728,hsa05031
P21728,hsa05032
P21728,hsa05034
P21802,hsa01521
P21802,hsa04010
P21802,hsa04014
P21802,hsa04015
P21802,hsa04020
P21802,hsa04144
P21802,hsa04151
P21802,hsa04550
P21802,hsa04810
P21802,hsa05200
P21802,hsa05215
P21802,hsa05226
P21802,hsa05230
P21917,hsa04080
P21917,hsa04081
P21917,hsa04082
P21917,hsa04728
P21918,hsa04020
P21918,hsa04024
P21918,hsa04080
P21918,hsa04081
P21918,hsa04082
P21918,hsa04728
P21964,hsa00140
P21964,hsa00350
P21964,hsa01100
P21964,hsa04728
P22309,hsa00040
P22309,hsa00053
P22309,hsa00140
P22309,hsa00830
P22309,hsa00860
P22309,hsa00980
P22309,hsa00982
P22309,hsa00983
P22309,hsa01100
P22309,hsa01240
P22309,hsa04976
P22309,hsa05204
P22309,hsa05207
P22310,hsa00040
P22310,hsa00053
P22310,hsa00140
P22310,hsa00830
P22310,hsa00860
P22310,hsa00980
P22310,hsa00982
P22310,hsa00983
P22310,hsa01100
P22310,hsa01240
P22310,hsa04976
P22310,hsa05204
P22310,hsa05207
P22455,hsa04010
P22455,hsa04014
P22455,hsa04015
P22455,hsa04020
P22455,hsa04144
P22455,hsa04151
P22455,hsa04550
P22455,hsa04810
P22455,hsa05200
P23141,hsa00983
P23219,hsa00590
P23219,hsa01100
P23219,hsa04611
P23219,hsa04726
P23219,hsa04923
P24385,hsa01522
P24385,hsa04068
P24385,hsa04110
P24385,hsa04115
P24385,hsa04151
P24385,hsa04152
P24385,hsa04218
P24385,hsa04310
P24385,hsa04340
P24385,hsa04371
P24385,hsa04390
P24385,hsa04510
P24385,hsa04518
P24385,hsa04530
P24385,hsa04630
P24385,hsa04917
P24385,hsa04919
P24385,hsa04921
P24385,hsa04933
P24385,hsa04934
P24385,hsa04936
P24385,hsa05160
P24385,hsa05162
P24385,hsa05163
P24385,hsa05165
P24385,hsa05166
P24385,hsa05167
P24385,hsa05169
P24385,hsa05200
P24385,hsa05203
P24385,hsa05205
P24385,hsa05206
P24385,hsa05207
P24385,hsa05210
P24385,hsa05212
P24385,hsa05213
P24385,hsa05214
P24385,hsa05215
P24385,hsa05216
P24385,hsa05218
P24385,hsa05219
P24385,hsa05220
P24385,hsa05221
P24385,hsa05222
P24385,hsa05223
P24385,hsa05224
P24385,hsa05225
P24385,hsa05226
P24385,hsa05416
P24462,hsa00140
P24462,hsa00830
P24462,hsa01100
P24462,hsa05204
P24530,hsa04020
P24530,hsa04022
P24530,hsa04080
P24530,hsa04916
P24530,hsa04926
P24530,hsa05200
P25100,hsa04020
P25100,hsa04022
P25100,hsa04080
P25100,hsa04081
P25100,hsa04082
P25100,hsa04261
P25100,hsa04270
P25100,hsa04970
P25101,hsa04020
P25101,hsa04022
P25101,hsa04024
P25101,hsa04080
P25101,hsa04270
P25101,hsa04924
P25101,hsa05200
P25105,hsa04020
P25105,hsa04080
P25105,hsa05150
P25116,hsa04015
P25116,hsa04020
P25116,hsa04024
P25116,hsa04072
P25116,hsa04080
P25116,hsa04151
P25116,hsa04610
P25116,hsa04611
P25116,hsa04810
P25116,hsa05130
P25116,hsa05200
P25963,hsa04024
P25963,hsa04062
P25963,hsa04064
P25963,hsa04210
P25963,hsa04380
P25963,hsa04519
P25963,hsa04620
P25963,hsa04621
P25963,hsa04622
P25963,hsa04623
P25963,hsa04625
P25963,hsa04657
P25963,hsa04658
P25963,hsa04659
P25963,hsa04660
P25963,hsa04662
P25963,hsa04668
P25963,hsa04722
P25963,hsa04920
P25963,hsa04926
P25963,hsa04931
P25963,hsa04936
P25963,hsa05120
P25963,hsa05130
P25963,hsa05131
P25963,hsa05132
P25963,hsa05134
P25963,hsa05135
P25963,hsa05140
P25963,hsa05142
P25963,hsa05145
P25963,hsa05160
P25963,hsa05161
P25963,hsa05162
P25963,hsa05163
P25963,hsa05164
P25963,hsa05166
P25963,hsa05167
P25963,hsa05168
P25963,hsa05169
P25963,hsa05170
P25963,hsa05171
P25963,hsa05200
P25963,hsa05203
P25963,hsa05208
P25963,hsa05215
P25963,hsa05220
P25963,hsa05222
P25963,hsa05235
P25963,hsa05417
P27338,hsa00260
P27338,hsa00330
P27338,hsa00340
P27338,hsa00350
P27338,hsa00360
P27338,hsa00380
P27338,hsa00982
P27338,hsa01100
P27338,hsa04726
P27338,hsa04728
P27338,hsa05012
P27338,hsa05030
P27338,hsa05031
P27338,hsa05034
P27487,hsa03272
P27487,hsa04974
P27815,hsa00230
P27815,hsa01100
P27815,hsa04024
P27815,hsa04928
P27815,hsa05032
P28221,hsa04024
P28221,hsa04080
P28221,hsa04082
P28221,hsa04726
P28221,hsa04742
P28222,hsa04024
P28222,hsa04080
P28222,hsa04082
P28222,hsa04726
P28222,hsa04742
P28223,hsa04020
P28223,hsa04080
P28223,hsa04082
P28223,hsa04540
P28223,hsa04726
P28223,hsa04750
P28335,hsa04020
P28335,hsa04080
P28335,hsa04082
P28335,hsa04540
P28335,hsa04726
P28335,hsa04750
P29466,hsa04148
P29466,hsa04217
P29466,hsa04613
P29466,hsa04621
P29466,hsa04623
P29466,hsa04625
P29466,hsa05014
P29466,hsa05130
P29466,hsa05131
P29466,hsa05132
P29466,hsa05133
P29466,hsa05134
P29466,hsa05135
P29466,hsa05164
P29466,hsa05171
P29466,hsa05417
P30556,hsa04020
P30556,hsa04022
P30556,hsa04072
P30556,hsa04080
P30556,hsa04081
P30556,hsa04261
P30556,hsa04270
P30556,hsa04371
P30556,hsa04614
P30556,hsa04924
P30556,hsa04925
P30556,hsa04927
P30556,hsa04933
P30556,hsa04934
P30556,hsa05171
P30556,hsa05200
P30556,hsa05415
P33260,hsa00830
P33260,hsa01100
P33260,hsa04726
P33260,hsa05204
P33261,hsa00590
P33261,hsa00591
P33261,hsa00982
P33261,hsa01100
P33261,hsa04726
P33261,hsa05204
P34969,hsa04014
P34969,hsa04020
P34969,hsa04080
P34969,hsa04082
P34969,hsa04726
P35348,hsa04020
P35348,hsa04022
P35348,hsa04080
P35348,hsa04081
P35348,hsa04082
P35348,hsa04152
P35348,hsa04261
P35348,hsa04270
P35348,hsa04970
P35354,hsa00590
P35354,hsa01100
P35354,hsa04064
P35354,hsa04148
P35354,hsa04370
P35354,hsa04625
P35354,hsa04657
P35354,hsa04668
P35354,hsa04723
P35354,hsa04726
P35354,hsa04913
P35354,hsa04921
P35354,hsa04923
P35354,hsa05010
P35354,hsa05022
P35354,hsa05140
P35354,hsa05163
P35354,hsa05165
P35354,hsa05167
P35354,hsa05200
P35354,hsa05204
P35354,hsa05206
P35354,hsa05222
P35367,hsa04020
P35367,hsa04080
P35367,hsa04082
P35367,hsa04750
P35368,hsa04020
P35368,hsa04022
P35368,hsa04080
P35368,hsa04081
P35368,hsa04082
P35368,hsa04261
P35368,hsa04270
P35368,hsa04970
P35462,hsa04080
P35462,hsa04081
P35462,hsa04082
P35462,hsa04728
P35503,hsa00040
P35503,hsa00053
P35503,hsa00140
P35503,hsa00830
P35503,hsa00860
P35503,hsa00980
P35503,hsa00982
P35503,hsa00983
P35503,hsa01100
P35503,hsa01240
P35503,hsa04976
P35503,hsa05204
P35503,hsa05207
P35610,hsa00100
P35610,hsa04979
P35869,hsa04659
P35869,hsa04934
P35869,hsa05207
P35869,hsa05208
P37231,hsa03320
P37231,hsa04148
P37231,hsa04152
P37231,hsa04211
P37231,hsa04380
P37231,hsa04714
P37231,hsa04932
P37231,hsa05016
P37231,hsa05200
P37231,hsa05202
P37231,hsa05216
P37231,hsa05417
P40261,hsa00760
P40261,hsa01100
P41595,hsa04020
P41595,hsa04080
P41595,hsa04082
P41595,hsa04540
P41595,hsa04726
P41595,hsa04750
P42330,hsa00140
P42330,hsa00590
P42330,hsa00790
P42330,hsa01100
P42330,hsa04913
P42330,hsa05208
P42574,hsa01524
P42574,hsa04010
P42574,hsa04115
P42574,hsa04148
P42574,hsa04210
P42574,hsa04215
P42574,hsa04623
P42574,hsa04650
P42574,hsa04657
P42574,hsa04668
P42574,hsa04726
P42574,hsa04932
P42574,hsa04933
P42574,hsa04936
P42574,hsa05010
P42574,hsa05012
P42574,hsa05014
P42574,hsa05016
P42574,hsa05020
P42574,hsa05022
P42574,hsa05120
P42574,hsa05130
P42574,hsa05132
P42574,hsa05133
P42574,hsa05134
P42574,hsa05145
P42574,hsa05146
P42574,hsa05152
P42574,hsa05160
P42574,hsa05161
P42574,hsa05162
P42574,hsa05163
P42574,hsa05164
P42574,hsa05165
P42574,hsa05167
P42574,hsa05168
P42574,hsa05169
P42574,hsa05170
P42574,hsa05200
P42574,hsa05203
P42574,hsa05205
P42574,hsa05206
P42574,hsa05210
P42574,hsa05222
P42574,hsa05416
P42574,hsa05417
P43220,hsa04024
P43220,hsa04080
P43220,hsa04081
P43220,hsa04911
P46663,hsa04020
P46663,hsa04080
P46663,hsa04610
P46663,hsa04750
P46663,hsa04810
P46663,hsa05200
P47989,hsa00230
P47989,hsa00232
P47989,hsa00983
P47989,hsa01100
P47989,hsa01232
P47989,hsa04146
P48048,hsa04960
P48048,hsa04971
P48050,hsa04725
P48050,hsa04921
P49019,hsa04024
P50416,hsa00071
P50416,hsa01212
P50416,hsa03320
P50416,hsa04148
P50416,hsa04152
P50416,hsa04714
P50416,hsa04920
P50416,hsa04922
P50416,hsa04931
P50416,hsa04936
P51589,hsa00590
P51589,hsa00591
P51589,hsa01100
P51589,hsa04726
P51589,hsa04750
P51589,hsa04913
P51589,hsa05417
P51812,hsa04010
P51812,hsa04114
P51812,hsa04150
P51812,hsa04714
P51812,hsa04720
P51812,hsa04722
P51812,hsa04914
P51812,hsa04931
P51812,hsa05135
P51812,hsa05207
P52209,hsa00030
P52209,hsa00480
P52209,hsa01100
P52209,hsa01200
P52895,hsa00140
P52895,hsa01100
P52895,hsa05204
P52895,hsa05208
P53396,hsa00020
P53396,hsa01100
P53805,hsa04919
P53805,hsa04921
P53805,hsa05167
P54289,hsa04010
P54289,hsa04260
P54289,hsa04261
P54289,hsa04921
P54289,hsa05410
P54289,hsa05412
P54289,hsa05414
P54750,hsa00230
P54750,hsa01100
P54750,hsa04020
P54750,hsa04740
P54750,hsa04742
P54750,hsa04924
P54750,hsa05032
P54855,hsa00040
P54855,hsa00053
P54855,hsa00140
P54855,hsa00830
P54855,hsa00860
P54855,hsa00980
P54855,hsa00982
P54855,hsa00983
P54855,hsa01100
P54855,hsa01240
P54855,hsa04976
P54855,hsa05204
P54855,hsa05207
P55017,hsa04928
P63252,hsa04725
P63252,hsa04921
P63252,hsa04924
P63252,hsa04971
P63316,hsa04020
P63316,hsa04260
P63316,hsa04261
P63316,hsa04814
P63316,hsa04820
P63316,hsa05410
P63316,hsa05414
P78508,hsa04971
P78508,hsa05016
Q00975,hsa04010
Q00975,hsa04020
Q00975,hsa04721
Q00975,hsa04723
Q00975,hsa04725
Q00975,hsa04726
Q00975,hsa04727
Q00975,hsa04728
Q00975,hsa04930
Q00975,hsa05016
Q00975,hsa05020
Q00975,hsa05022
Q00975,hsa05032
Q00975,hsa05033
Q00975,hsa05207
Q01064,hsa00230
Q01064,hsa01100
Q01064,hsa04020
Q01064,hsa04740
Q01064,hsa04742
Q01064,hsa04924
Q01064,hsa05032
Q01668,hsa04010
Q01668,hsa04020
Q01668,hsa04022
Q01668,hsa04024
Q01668,hsa04218
Q01668,hsa04260
Q01668,hsa04261
Q01668,hsa04270
Q01668,hsa04530
Q01668,hsa04713
Q01668,hsa04723
Q01668,hsa04724
Q01668,hsa04725
Q01668,hsa04726
Q01668,hsa04727
Q01668,hsa04728
Q01668,hsa04911
Q01668,hsa04912
Q01668,hsa04921
Q01668,hsa04924
Q01668,hsa04925
Q01668,hsa04927
Q01668,hsa04929
Q01668,hsa04930
Q01668,hsa04934
Q01668,hsa04935
Q01668,hsa04973
Q01668,hsa05010
Q01668,hsa05020
Q01668,hsa05022
Q01668,hsa05031
Q01668,hsa05207
Q01668,hsa05410
Q01668,hsa05412
Q01668,hsa05414
Q02108,hsa00230
Q02108,hsa01100
Q02108,hsa04022
Q02108,hsa04270
Q02108,hsa04540
Q02108,hsa04611
Q02108,hsa04713
Q02108,hsa04730
Q02108,hsa04921
Q02108,hsa04924
Q02108,hsa04970
Q02153,hsa00230
Q02153,hsa01100
Q02153,hsa04022
Q02153,hsa04270
Q02153,hsa04540
Q02153,hsa04611
Q02153,hsa04713
Q02153,hsa04730
Q02153,hsa04921
Q02153,hsa04924
Q02153,hsa04970
Q02641,hsa04010
Q02641,hsa04260
Q02641,hsa04261
Q02641,hsa04921
Q02641,hsa05410
Q02641,hsa05412
Q02641,hsa05414
Q04828,hsa00140
Q04828,hsa00980
Q04828,hsa01100
Q04828,hsa05208
Q07869,hsa03320
Q07869,hsa04024
Q07869,hsa04920
Q07869,hsa04922
Q07869,hsa04931
Q07869,hsa04932
Q07869,hsa04936
Q07869,hsa05160
Q07869,hsa05207
Q07869,hsa05415
Q08289,hsa04010
Q08289,hsa04260
Q08289,hsa04261
Q08289,hsa04921
Q08289,hsa05410
Q08289,hsa05412
Q08289,hsa05414
Q09428,hsa02010
Q09428,hsa04911
Q09428,hsa04930
Q12791,hsa04022
Q12791,hsa04270
Q12791,hsa04911
Q12791,hsa04924
Q12791,hsa04970
Q12791,hsa04972
Q13131,hsa04068
Q13131,hsa04140
Q13131,hsa04150
Q13131,hsa04151
Q13131,hsa04152
Q13131,hsa04211
Q13131,hsa04213
Q13131,hsa04371
Q13131,hsa04530
Q13131,hsa04710
Q13131,hsa04714
Q13131,hsa04910
Q13131,hsa04920
Q13131,hsa04921
Q13131,hsa04922
Q13131,hsa04931
Q13131,hsa04932
Q13131,hsa04936
Q13131,hsa05410
Q13131,hsa05418
Q13698,hsa04010
Q13698,hsa04020
Q13698,hsa04022
Q13698,hsa04024
Q13698,hsa04260
Q13698,hsa04261
Q13698,hsa04270
Q13698,hsa04723
Q13698,hsa04725
Q13698,hsa04726
Q13698,hsa04727
Q13698,hsa04911
Q13698,hsa04912
Q13698,hsa04921
Q13698,hsa04924
Q13698,hsa04925
Q13698,hsa04927
Q13698,hsa04929
Q13698,hsa04934
Q13698,hsa04935
Q13698,hsa05010
Q13698,hsa05020
Q13698,hsa05022
Q13698,hsa05207
Q13698,hsa05410
Q13698,hsa05412
Q13698,hsa05414
Q13936,hsa04010
Q13936,hsa04020
Q13936,hsa04022
Q13936,hsa04024
Q13936,hsa04260
Q13936,hsa04261
Q13936,hsa04270
Q13936,hsa04713
Q13936,hsa04720
Q13936,hsa04723
Q13936,hsa04724
Q13936,hsa04725
Q13936,hsa04726
Q13936,hsa04727
Q13936,hsa04728
Q13936,hsa04742
Q13936,hsa04911
Q13936,hsa04912
Q13936,hsa04921
Q13936,hsa04924
Q13936,hsa04925
Q13936,hsa04927
Q13936,hsa04929
Q13936,hsa04930
Q13936,hsa04934
Q13936,hsa04935
Q13936,hsa05010
Q13936,hsa05020
Q13936,hsa05022
Q13936,hsa05031
Q13936,hsa05207
Q13936,hsa05410
Q13936,hsa05412
Q13936,hsa05414
Q14524,hsa04261
Q14524,hsa04519
Q14654,hsa04911
Q14654,hsa04929
Q14654,hsa04930
Q14697,hsa00510
Q14697,hsa01100
Q14697,hsa04141
Q14994,hsa05207
Q15274,hsa00760
Q15274,hsa01100
Q15274,hsa01240
Q16665,hsa04066
Q16665,hsa04137
Q16665,hsa04140
Q16665,hsa04148
Q16665,hsa04659
Q16665,hsa04919
Q16665,hsa05167
Q16665,hsa05200
Q16665,hsa05205
Q16665,hsa05208
Q16665,hsa05211
Q16665,hsa05230
Q16665,hsa05231
Q16665,hsa05235
Q8IZS8,hsa04010
Q8IZS8,hsa04260
Q8IZS8,hsa04261
Q8IZS8,hsa04921
Q8IZS8,hsa05410
Q8IZS8,hsa05412
Q8IZS8,hsa05414
Q8NBP7,hsa04979
Q8TD43,hsa04911
Q8TDS4,hsa04024
Q8TET4,hsa00052
Q8TET4,hsa00500
Q8TET4,hsa01100
Q92736,hsa04020
Q92736,hsa04024
Q92736,hsa04260
Q92736,hsa04261
Q92736,hsa04371
Q92736,hsa04713
Q92736,hsa04911
Q92736,hsa04921
Q92736,hsa04972
Q92736,hsa05020
Q92736,hsa05022
Q92736,hsa05410
Q92736,hsa05412
Q92736,hsa05414
Q92736,hsa05415
Q92769,hsa03082
Q92769,hsa03083
Q92769,hsa04110
Q92769,hsa04213
Q92769,hsa04330
Q92769,hsa04350
Q92769,hsa04613
Q92769,hsa04919
Q92769,hsa05016
Q92769,hsa05031
Q92769,hsa05034
Q92769,hsa05165
Q92769,hsa05169
Q92769,hsa05200
Q92769,hsa05202
Q92769,hsa05203
Q92769,hsa05206
Q92769,hsa05220
Q96PD7,hsa00561
Q96PD7,hsa01100
Q96PD7,hsa04975
Q99519,hsa00511
Q99519,hsa00600
Q99519,hsa01100
Q99519,hsa04142
Q9BQB6,hsa00130
Q9BQB6,hsa01100
Q9BQB6,hsa01240
Q9H244,hsa04082
Q9H244,hsa04148
Q9H244,hsa04611
Q9HAW8,hsa00040
Q9HAW8,hsa00053
Q9HAW8,hsa00140
Q9HAW8,hsa00830
Q9HAW8,hsa00860
Q9HAW8,hsa00980
Q9HAW8,hsa00982
Q9HAW8,hsa00983
Q9HAW8,hsa01100
Q9HAW8,hsa01240
Q9HAW8,hsa04976
Q9HAW8,hsa05204
Q9HAW8,hsa05207
Q9HAW9,hsa00040
Q9HAW9,hsa00053
Q9HAW9,hsa00140
Q9HAW9,hsa00830
Q9HAW9,hsa00860
Q9HAW9,hsa00980
Q9HAW9,hsa00982
Q9HAW9,hsa00983
Q9HAW9,hsa01100
Q9HAW9,hsa01240
Q9HAW9,hsa04976
Q9HAW9,hsa05204
Q9HAW9,hsa05207
Q9HC97,hsa04080
Q9NPA2,hsa04928
Q9NY47,hsa04010
Q9NY47,hsa04260
Q9NY47,hsa04261
Q9NY47,hsa04921
Q9NY47,hsa05410
Q9NY47,hsa05412
Q9NY47,hsa05414
Q9P0X4,hsa04010
Q9P0X4,hsa04020
Q9P0X4,hsa04713
Q9P0X4,hsa04925
Q9P0X4,hsa04927
Q9P0X4,hsa04929
Q9P0X4,hsa04934
Q9UHC9,hsa04975
Q9UK17,hsa05017
Q9Y233,hsa00230
Q9Y233,hsa01100
Q9Y233,hsa04024
Q9Y233,hsa05032
Q9Y251,hsa00531
Q9Y251,hsa01100
Q9Y251,hsa05205
Q9Y478,hsa04068
Q9Y478,hsa04152
Q9Y478,hsa04211
Q9Y478,hsa04213
Q9Y478,hsa04371
Q9Y478,hsa04530
Q9Y478,hsa04710
Q9Y478,hsa04714
Q9Y478,hsa04910
Q9Y478,hsa04920
Q9Y478,hsa04921
Q9Y478,hsa04922
Q9Y478,hsa04931
Q9Y478,hsa04932
Q9Y478,hsa04936
Q9Y478,hsa05410
